Ninjas or Pirates?,Ninjas,Pirates,subject,https://purepng.com/public/uploads/large/purepng.com-ninjashinobininjacovert-agentassassinationguerrilla-warfaresamuraiclip-art-1421526960629zucts.png,https://assets-mobilebaymag-com.s3.amazonaws.com/uploads/2017/05/Cascabel20Ashore456.jpg
Are you more of a dog or a cat person?,Dogs,Cats,subject,https://blog.mystart.com/wp-content/uploads/shutterstock_224423782-1-e1527774744419.jpg,https://blog.mystart.com/wp-content/uploads/shutterstock_288913766-e1551281043329.jpg
IOS or Android,IOS,Android,subject,https://m-cdn.phonearena.com/images/article/121852-two_1200/iOS-14-rumor-round-up-Everything-we-know-and-want-to-see-so-far.jpg,https://bwabc.weebly.com/uploads/1/2/5/0/125097828/434788248.jpg
Mac or Windows,Mac,Windows,subject,https://cdn-0.idownloadblog.com/wp-content/uploads/2016/11/Macintosh-HD-Drive-Desktop.png,https://www.desktopbackground.org/download/1280x1024/2015/12/25/1062750_windows-hd-wallpapers-4k-wallpapers_1920x1080_h.jpg
Pizza or Burger?,Pizza,Hamburger,subject,https://wallpaperaccess.com/full/866645.jpg,https://i.pinimg.com/originals/46/b7/d5/46b7d56445a1675781ba4bd97fd62a35.jpg
Hot or cold weather?,Hot,Cold,subject,http://images.summitmedia-digital.com/cosmo/images/2020/02/09/manila-2791498-1920-1581210198.jpg,https://wallpaperaccess.com/full/2942914.jpg
Math or Science?,Math,Science,subject,https://wallpaperaccess.com/full/1597979.jpg,https://images5.alphacoders.com/285/thumb-1920-285537.jpg
Harry Potter or Star Wars?,Harry Potter,Star Wars,subject,http://images.unsplash.com/photo-1527684651001-731c474bbb5a?crop=entropy&cs=tinysrgb&fit=max&fm=jpg&ixid=MXwxMjA3fDB8MXxzZWFyY2h8Mnx8aGFycnklMjBwb3R0ZXJ8fDB8fHw&ixlib=rb-1.2.1&q=80&w=1080,https://hdqwalls.com/wallpapers/star-wars-the-rise-of-skywalker-2019-4k-mz.jpg
Rap or pop?,Rap,Pop,subject,https://www.wallpapertip.com/wmimgs/30-301740_black-music-hip-hop-rap-notorious-big-rapper.jpg,http://wallup.net/wp-content/uploads/2017/11/17/355356-pop_music.jpg
Root Beer or Ginger Ale?,Root Beer,Ginger Ale,subject,https://images2.alphacoders.com/566/thumb-1920-566480.jpg,https://cdn.hipwallpaper.com/i/30/13/HOpU71.jpg
Do you take a lot of risks?,Yes,No,binary,,
Do you believe in true love?,Yes,No,binary,,
Do you like spicy food?,Yes,No,binary,,
Math is cool.,Yes,No,binary,,
Buffalo?,Yes,No,binary,,
Is Sam cool?,Yes,Yes,binary,,
Are there aliens?,Yes,No,binary,,
Do you pay attention to politics?,Yes,No,binary,,
Does pineapple belong on pizza?,Yes,No,binary,,
I stick to the rules.,Yes,No,binary,,
I make friends easily.,Yes,No,binary,,
I prefer variety to routine.,Yes,No,binary,,
I radiate joy.,Yes,No,binary,,
I start tasks right away.,Yes,No,binary,,
I consider myself an average person.,Yes,No,binary,,
I like to tidy up.,Yes,No,binary,,
Flight or Time travel?,Flight,Time Travel,subject,https://www.wallpapertip.com/wmimgs/35-353366_208531-title-comics-superman-wallpaper-best-hd-wallpaper.jpg,https://api.time.com/wp-content/uploads/2015/07/back-to-the-future.jpg
Movies or TV?,Movie,TV,subject,https://wallpaperaccess.com/full/2063931.jpg,https://spy.com/wp-content/uploads/2019/12/curved-tv-samsung.jpg?w=1000&h=750&crop=1
Reddit or Instagram?,Reddit,Instagram,subject,https://b8g9x2x5.rocketcdn.me/wp-content/uploads/2018/08/reddit-alien2-1920_xq7qwf.jpg,https://wallpaperaccess.com/full/1112307.jpg
Facebook or Youtube?,Facebook ,Youtube,subject,https://wallpaperaccess.com/full/2547014.jpg,https://wallpaperaccess.com/full/2404604.jpg
Do you prefer living urban or rural?,Urban,Rural,subject,https://wallpaperaccess.com/full/1249839.jpg,https://images3.alphacoders.com/190/thumb-1920-190787.jpg
Headphones or earbuds?,Headphones,Earbuds,subject,https://media.wired.com/photos/5ab197f1491c2d69af4219e9/master/w_2560%2Cc_limit/sennheiser44BT.jpg,https://cdn.mos.cms.futurecdn.net/FoHGp7NJvrquef9va2EXyj.jpg
Basketball or Soccer?,Basketball,Soccer,subject,https://wallpaperaccess.com/full/820946.jpg,https://wallpaperaccess.com/full/1884509.jpg
Football or Hockey?,American Football,Hockey,subject,https://www.juniorwolverines.org/wp-content/uploads/sites/257/2016/03/hd-american-football-on-grass-wallpaper-1056.jpg,https://image.winudf.com/v2/image1/Y29tLmFtYXppbmdiYWNrZ3JvdW5kcy5ob2NrZXlhbWF6aW5nd2FsbHBhcGVyc19zY3JlZW5fMTBfMTU1MTY5NjMwOF8wMjc/screen-10.jpg?fakeurl=1&type=.jpg
French Fries or Onion Rings?,French Fries,Onion Rings,subject,https://wallpapercave.com/wp/wp2148252.jpg,https://cdn.hipwallpaper.com/i/58/29/NeqbPo.jpg
Xbox or Playstation?,Xbox,Playstation,subject,https://wallpapercave.com/wp/wp2972942.jpg,https://wallpaperaccess.com/full/3020944.jpg
Pepsi or Coca Cola?,Pepsi,Coca Cola,subject,https://wallpaperaccess.com/full/1277470.jpg,https://images.unsplash.com/photo-1554866585-cd94860890b7?ixid=MXwxMjA3fDB8MHxzZWFyY2h8MXx8Y29jYSUyMGNvbGF8ZW58MHx8MHw%3D&ixlib=rb-1.2.1&w=1000&q=80
I spend time gaming.,Yes,No,binary,,
I enjoy reading.,Yes,No,binary,,
Glasses or Contacts?,Glasses,Contacts,subject,https://cdn.shopify.com/s/files/1/0677/4111/files/DENVER-1_1200x.jpg?v=1585089459,https://images.unsplash.com/photo-1570295999919-56ceb5ecca61?ixlib=rb-1.2.1&ixid=MXwxMjA3fDB8MHxwaG90by1yZWxhdGVkfDF8fHxlbnwwfHx8&w=1000&q=80
I enjoy sports.,Yes,No,binary,,
I enjoy the outdoors.,Yes,No,binary,,
Which resonates with you more?,,,img,https://i.pinimg.com/originals/39/ea/f8/39eaf8f6d5d6b847fed935c174be6a31.jpg,https://hips.hearstapps.com/hmg-prod.s3.amazonaws.com/images/nature-quotes-1557340276.jpg
Which resonates with you more?,,,img,https://kecbio.com/wallpaper/forest-wallpapers-picture-For-Full-Resolution-Wallpaper.jpg,https://wallpapercave.com/wp/dy9Ctpk.jpg
Which resonates with you more?,,,img,http://images.unsplash.com/photo-1464802686167-b939a6910659?ixlib=rb-1.2.1&q=80&fm=jpg&crop=entropy&cs=tinysrgb&w=1080&fit=max,https://images.hdqwalls.com/wallpapers/astronaut-lost-in-space-rk.jpg
Which resonates with you more?,,,img,https://hdwallpaperim.com/wp-content/uploads/2017/08/22/330721-simple-space.jpg,https://www.universetoday.com/wp-content/uploads/2009/08/earthrise.jpg
Which resonates with you more?,,,img,https://hdwallpaperim.com/wp-content/uploads/2017/08/22/330721-simple-space.jpg,https://images4.alphacoders.com/936/thumb-1920-936378.jpg
Which resonates with you more?,,,img,https://images-wixmp-ed30a86b8c4ca887773594c2.wixmp.com/f/596dacce-70a0-4cb7-b3d8-67a2e94df833/dcv50l2-f3c37681-1144-4679-9bdc-691d45d78671.jpg?token=eyJ0eXAiOiJKV1QiLCJhbGciOiJIUzI1NiJ9.eyJzdWIiOiJ1cm46YXBwOiIsImlzcyI6InVybjphcHA6Iiwib2JqIjpbW3sicGF0aCI6IlwvZlwvNTk2ZGFjY2UtNzBhMC00Y2I3LWIzZDgtNjdhMmU5NGRmODMzXC9kY3Y1MGwyLWYzYzM3NjgxLTExNDQtNDY3OS05YmRjLTY5MWQ0NWQ3ODY3MS5qcGcifV1dLCJhdWQiOlsidXJuOnNlcnZpY2U6ZmlsZS5kb3dubG9hZCJdfQ.qok3YQ53l7YVgkbdnIb-I-A2ZcFO6cnkSoG3F13WTWY,https://wallpaperaccess.com/full/647234.jpg
Which resonates with you more?,,,img,https://www.sustainability-times.com/wp-content/uploads/2019/11/leaves-3420078_960_720.jpg,https://www.thoughtco.com/thmb/GefFpiSejkm4M-wMC5J9xqNp4oY=/3639x2047/smart/filters:no_upscale()/close-up-of-a-snowflake-519378367-5833b9005f9b58d5b1feede9.jpg
Which resonates with you more?,,,img,https://cdm0lfbn.cloudimg.io/v7/_origin_/image_uploader/photos/9e/original/pablo-picasso.jpg?p=large,https://www.muralswallpaper.com/app/uploads/starry-night-art-plain-820x532.jpg
Which resonates with you more?,,,img,"https://images.discerningassets.com/image/upload/c_fit,h_1000,w_1000/c_fit,fl_relative,h_1.0,l_deco_watermark,o_40,w_1.0/ar_7250:5125,c_fill/c_crop,h_0.975609756097561,w_0.9655172413793104,x_0.017241379310344827,y_0.024390243902439025/v1480963527/FreedomOfImagination_nejilh.jpg",https://www.ft.com/__origami/service/image/v2/images/raw/http://prod-upp-image-read.ft.com/e9a0d7ee-a1be-11e8-85da-eeb7a9ce36e4?source=next&fit=scale-down&quality=highest&width=1067
Which resonates with you more?,,,img,https://i1.wp.com/www.art-mine.com/collectorscorner/wp-content/uploads/2018/06/The-Magic-Hour-2019-Acrylic-on-Canvas-3622-x-5422-3000-Rebecca-Katz.jpg?fit=885%2C490&ssl=1&resize=1280%2C720,https://www.artandobject.com/sites/default/files/styles/gallery_item/public/jon-juarez-home.jpg?itok=hOPqeZCx
Which resonates with you more?,,,img,https://www.liveabout.com/thmb/JC4BTFv6LIh1yJOr4Sh0O9sLXnI=/1973x1480/smart/filters:no_upscale()/Mondrian_TheGrayTree-large--57c733085f9b5829f46e5d93.jpg,https://cdn.conceptartempire.com/images/07/6005/00-featured-best-digital-painting-software.jpg
Which resonates with you more?,,,img,https://i.pinimg.com/originals/c2/74/73/c274736d2e32947ce1176b9390406ba6.jpg,https://i.pinimg.com/originals/19/09/c4/1909c4a529a83bac556577aac06b5458.jpg
Which resonates with you more?,,,img,https://thevirtualinstructor.com/images/watercolorpaintingofadog.jpg,https://www.artranked.com/images/87/8751e1e2d4ce483a8cc9710fb7aa4140.jpg
Which resonates with you more?,,,img,https://images-na.ssl-images-amazon.com/images/I/81M63oRcMPL._SL1240_.jpg,https://encrypted-tbn0.gstatic.com/images?q=tbn:ANd9GcTR1vOStCzD3dimtkK9MayBIsbWmhGrCZZZgQ&usqp=CAU
Which resonates with you more?,,,img,https://i2-prod.mirror.co.uk/incoming/article3339243.ece/ALTERNATES/s1200b/Screen-Shot-2014-04-02-at-095319.png,https://i2-prod.mirror.co.uk/incoming/article3339243.ece/ALTERNATES/s1200b/Screen-Shot-2014-04-02-at-095319.png
Which resonates with you more?,,,img,https://www.thoughtco.com/thmb/LdJ9dXg2V204f6C4g-uFDvZIcsg=/2868x2151/smart/filters:no_upscale()/stormy-night-over-byron-bay-673747736-5c48ab2a46e0fb0001ef2e87.jpg,"https://media.cntraveler.com/photos/57211a96fe5fd76f60bc2764/16:9/w_1600,c_limit/deserts-Sahara-cr-GettyImages-74732427.jpg"
Which resonates with you more?,,,img,https://i.pinimg.com/originals/f3/0b/76/f30b762c8477052433542ec94a10800e.jpg,https://artbybreah.files.wordpress.com/2018/11/polar-bear-painting.png?w=900
Which resonates with you more?,,,img,https://i.pinimg.com/originals/26/56/b8/2656b8ea7ffd5cc3a48a5adbcabd4508.jpg,https://naldzgraphics.net/wp-content/uploads/2011/10/7-tribal-face-painting.jpg
Which resonates with you more?,,,img,https://www.hakaimagazine.com/wp-content/uploads/header-gulf-birds.jpg,https://ml-rds-wordpress-prod-s3.s3.amazonaws.com/uploads/2020/12/241476451-640x427.jpg
Which resonates with you more?,,,img,https://ctl.s6img.com/society6/img/IDG_-og9UUn4_CyEeBJhfSTCLrI/w_1500/canvas/~artwork/s6-original-art-uploads/society6/uploads/misc/02a700c2440d43eaacd39ca7176e9ae9/~~/sun-painting-canvas.jpg,https://images-na.ssl-images-amazon.com/images/I/81K69hobZeL._SL1500_.jpg
Is Minecraft better than Fortnite?,Yes,No,binary,,